patient,sample_type,TP53
TCGA-C8-A1HL,Tumor,5.4683
TCGA-EW-A2FS,Tumor,4.66
TCGA-A2-A3XX,Tumor,6.6503
TCGA-Z7-A8R5,Tumor,5.5793
TCGA-B6-A0RL,Tumor,5.033
TCGA-E2-A2P6,Tumor,4.2995
TCGA-AO-A1KT,Tumor,5.804
TCGA-E9-A3HO,Tumor,5.5491
TCGA-D8-A1XJ,Tumor,6.1599
TCGA-AC-A2FK,Tumor,5.8716
TCGA-E9-A1R4,Tumor,6.5347
TCGA-LL-A740,Tumor,4.497
TCGA-C8-A3M8,Tumor,4.8048
TCGA-AN-A0XW,Tumor,4.927
TCGA-E2-A1LL,Tumor,3.6669
TCGA-BH-A28O,Tumor,5.5176
TCGA-A7-A4SC,Tumor,5.4712
TCGA-E9-A24A,Tumor,5.5919
TCGA-AC-A6IV,Tumor,5.6656
TCGA-B6-A400,Tumor,3.7061
TCGA-A8-A096,Tumor,5.8951
TCGA-B6-A0RH,Tumor,5.5934
TCGA-A8-A07W,Tumor,5.6393
TCGA-B6-A0X7,Tumor,5.026
TCGA-EW-A1P0,Tumor,5.5766
TCGA-EW-A1PC,Tumor,5.6029
TCGA-E9-A2JS,Tumor,4.7549
TCGA-A2-A1G6,Tumor,5.6921
TCGA-B6-A0WV,Tumor,5.8763
TCGA-UL-AAZ6,Tumor,5.6121
TCGA-B6-A0RG,Tumor,5.3399
TCGA-A2-A0CR,Tumor,4.981
TCGA-GM-A2DD,Tumor,5.4568
TCGA-BH-A6R9,Tumor,5.6091
TCGA-HN-A2OB,Tumor,5.1934
TCGA-UU-A93S,Tumor,5.3488
TCGA-AR-A24P,Tumor,5.332
TCGA-B6-A0I9,Tumor,6.1463
TCGA-E2-A1L9,Tumor,6.0553
TCGA-AR-A1AP,Tumor,3.8147
TCGA-OK-A5Q2,Tumor,5.7485
TCGA-BH-A0E6,Tumor,2.9413
TCGA-D8-A1JA,Tumor,5.1966
TCGA-B6-A0WZ,Tumor,4.5148
TCGA-C8-A135,Tumor,3.5766
TCGA-BH-A0E2,Tumor,5.8329
TCGA-A2-A1G1,Tumor,3.7625
TCGA-BH-A0C7,Tumor,6.0898
TCGA-E2-A14X,Tumor,3.47
TCGA-BH-A8FZ,Tumor,4.2396
TCGA-S3-AA17,Tumor,4.5886
TCGA-AR-A1AR,Tumor,4.3758
TCGA-D8-A13Z,Tumor,6.7163
TCGA-A7-A6VX,Tumor,4.8939
TCGA-AR-A255,Tumor,5.7769
TCGA-AR-A1AT,Tumor,5.3212
TCGA-A2-A0CU,Tumor,4.6497
TCGA-E2-A1IH,Tumor,5.1123
TCGA-AC-A4ZE,Tumor,4.0171
TCGA-B6-A0RS,Tumor,5.3202
TCGA-AR-A24H,Tumor,2.7889
TCGA-A8-A099,Tumor,5.7077
TCGA-A8-A09R,Tumor,5.347
TCGA-EW-A6SC,Tumor,4.8783
TCGA-D8-A1XC,Tumor,5.5283
TCGA-EW-A1PE,Tumor,5.1575
TCGA-E2-A1II,Tumor,6.3975
TCGA-S3-AA14,Tumor,5.2208
TCGA-A8-A09B,Tumor,5.9442
TCGA-AR-A5QP,Tumor,5.1035
TCGA-E9-A6HE,Tumor,3.5136
TCGA-BH-A0HI,Tumor,5.5423
TCGA-EW-A1P1,Tumor,5.6528
TCGA-OL-A66P,Tumor,3.5718
TCGA-A2-A1G4,Tumor,4.691
TCGA-E2-A105,Tumor,5.3844
TCGA-E2-A573,Tumor,6.2791
TCGA-A2-A0EV,Tumor,5.1518
TCGA-A8-A08A,Tumor,6.04
TCGA-E9-A1RG,Tumor,2.2603
TCGA-D8-A1XL,Tumor,5.701
TCGA-A2-A0ER,Tumor,4.5547
TCGA-OL-A66K,Tumor,5.693
TCGA-EW-A1OX,Tumor,5.3288
TCGA-S3-AA10,Tumor,4.1261
TCGA-A8-A0A9,Tumor,5.975
TCGA-A2-A04T,Tumor,6.5797
TCGA-OL-A5S0,Tumor,4.2631
TCGA-A8-A07J,Tumor,5.7632
TCGA-E9-A229,Tumor,5.3245
TCGA-A2-A0SX,Tumor,6.8907
TCGA-BH-A0AW,Tumor,5.0045
TCGA-BH-A2L8,Tumor,5.8199
TCGA-BH-A0B6,Tumor,4.9672
TCGA-AO-A0JL,Tumor,2.9319
TCGA-B6-A0IG,Tumor,5.1056
TCGA-OL-A66L,Tumor,4.5066
TCGA-LL-A73Y,Tumor,4.0523
TCGA-BH-A0BG,Tumor,3.7961
TCGA-A8-A06Z,Tumor,2.5876
TCGA-AN-A0AT,Tumor,4.0162
TCGA-E2-A14U,Tumor,5.7853
TCGA-AR-A24Q,Tumor,7.1886
TCGA-EW-A1P5,Tumor,5.0113
TCGA-A7-A4SE,Tumor,7.3349
TCGA-A1-A0SJ,Tumor,4.842
TCGA-E2-A570,Tumor,5.1607
TCGA-BH-A201,Tumor,5.2642
TCGA-A8-A09E,Tumor,5.81
TCGA-D8-A27V,Tumor,5.5491
TCGA-E2-A14Y,Tumor,5.1843
TCGA-MS-A51U,Tumor,5.6479
TCGA-A8-A06Y,Tumor,6.0999
TCGA-AR-A1AM,Tumor,5.2862
TCGA-AN-A041,Tumor,5.6696
TCGA-B6-A409,Tumor,3.208
TCGA-BH-A1EX,Tumor,5.8851
TCGA-A7-A0CJ,Tumor,5.5868
TCGA-BH-A0H0,Tumor,4.9416
TCGA-LL-A5YO,Tumor,5.291
TCGA-AN-A0FW,Tumor,5.365
TCGA-AC-A6IX,Tumor,5.1081
TCGA-A2-A04Y,Tumor,4.851
TCGA-E2-A156,Tumor,6.24
TCGA-AR-A24R,Tumor,5.8987
TCGA-D8-A1JP,Tumor,5.2664
TCGA-E2-A1IK,Tumor,5.2126
TCGA-AN-A0FS,Tumor,5.1285
TCGA-AC-A3TM,Tumor,5.5723
TCGA-C8-A12K,Tumor,5.8711
TCGA-AR-A2LE,Tumor,4.3903
TCGA-AR-A250,Tumor,5.3906
TCGA-D8-A1JG,Tumor,3.9374
TCGA-C8-A134,Tumor,6.0499
TCGA-AN-A0FX,Tumor,6.3381
TCGA-AC-A62V,Tumor,4.3611
TCGA-GM-A3XN,Tumor,5.6775
TCGA-C8-A275,Tumor,5.3681
TCGA-AO-A129,Tumor,6.6352
TCGA-D8-A1JK,Tumor,3.5971
TCGA-A8-A08X,Tumor,5.6582
TCGA-AR-A2LN,Tumor,5.438
TCGA-A8-A09A,Tumor,4.9547
TCGA-E2-A1IJ,Tumor,5.1579
TCGA-A8-A08O,Tumor,5.4941
TCGA-A2-A4RY,Tumor,5.8468
TCGA-A2-A0SY,Tumor,5.0691
TCGA-AC-A8OP,Tumor,5.1772
TCGA-EW-A1PA,Tumor,4.2457
TCGA-AO-A126,Tumor,4.7929
TCGA-AO-A0J6,Tumor,2.8897
TCGA-EW-A6SB,Tumor,5.2891
TCGA-EW-A2FV,Tumor,5.8192
TCGA-AO-A03R,Tumor,4.5286
TCGA-E9-A54X,Tumor,4.3827
TCGA-AO-A0JB,Tumor,2.7931
TCGA-AC-A3W5,Tumor,4.0144
TCGA-AR-A1AS,Tumor,5.6846
TCGA-C8-A1HJ,Tumor,2.9857
TCGA-D8-A1Y1,Tumor,5.7637
TCGA-A2-A0EN,Tumor,5.1555
TCGA-E9-A1R2,Tumor,5.4829
TCGA-A8-A08L,Tumor,3.7646
TCGA-A7-A3RF,Tumor,5.4542
TCGA-A2-A0D4,Tumor,5.0135
TCGA-EW-A1IW,Tumor,5.3434
TCGA-AO-A03M,Tumor,3.9691
TCGA-B6-A0IQ,Tumor,3.7971
TCGA-AR-A0TS,Tumor,4.6154
TCGA-A2-A0CM,Tumor,6.603
TCGA-A8-A06X,Tumor,4.7709
TCGA-D8-A140,Tumor,5.857
TCGA-E9-A1R6,Tumor,5.6002
TCGA-A2-A0CZ,Tumor,5.6306
TCGA-AN-A0XS,Tumor,5.7055
TCGA-A2-A04Q,Tumor,3.945
TCGA-WT-AB41,Tumor,5.0295
TCGA-AC-A5XS,Tumor,5.8148
TCGA-E2-A109,Tumor,6.0596
TCGA-B6-A1KF,Tumor,4.4297
TCGA-BH-A1FL,Tumor,6.4622
TCGA-E9-A1NI,Tumor,5.7727
TCGA-A8-A07R,Tumor,6.0119
TCGA-AN-A03Y,Tumor,5.8105
TCGA-BH-A0C1,Tumor,6.2122
TCGA-E2-A572,Tumor,3.8983
TCGA-A8-A08H,Tumor,4.9486
TCGA-JL-A3YW,Tumor,4.0375
TCGA-AN-A0XN,Tumor,5.9876
TCGA-A1-A0SK,Tumor,7.4459
TCGA-AO-A125,Tumor,5.4489
TCGA-PE-A5DC,Tumor,5.0696
TCGA-E9-A3X8,Tumor,4.096
TCGA-GM-A2DB,Tumor,2.8877
TCGA-E9-A244,Tumor,6.3085
TCGA-A8-A0AB,Tumor,6.2491
TCGA-A2-A3XV,Tumor,3.6994
TCGA-AN-A04A,Tumor,5.5571
TCGA-E2-A14O,Tumor,4.8172
TCGA-A2-A0T7,Tumor,6.0989
TCGA-GM-A3XL,Tumor,6.2248
TCGA-AO-A0JJ,Tumor,5.0955
TCGA-A2-A0CV,Tumor,5.2111
TCGA-AN-A046,Tumor,4.8415
TCGA-D8-A1X6,Tumor,5.4702
TCGA-EW-A3U0,Tumor,4.6972
TCGA-AO-A0JF,Tumor,5.2604
TCGA-A2-A0T0,Tumor,6.0803
TCGA-BH-A0EA,Tumor,5.9454
TCGA-D8-A147,Tumor,6.8948
TCGA-E9-A54Y,Tumor,4.4054
TCGA-LL-A5YN,Tumor,5.2969
TCGA-C8-A26Y,Tumor,5.9752
TCGA-AN-A0FJ,Tumor,2.1411
TCGA-AO-A03V,Tumor,5.6191
TCGA-B6-A0IK,Tumor,6.2356
TCGA-E2-A15E,Tumor,5.8839
TCGA-E2-A15D,Tumor,6.1457
TCGA-AO-A1KR,Tumor,5.7328
TCGA-BH-A18H,Tumor,3.6669
TCGA-BH-A0HF,Tumor,5.1664
TCGA-C8-A12M,Tumor,6.4036
TCGA-C8-A26V,Tumor,4.9026
TCGA-B6-A1KN,Tumor,6.105
TCGA-A7-A4SA,Tumor,5.1144
TCGA-E2-A15S,Tumor,4.9631
TCGA-GM-A2DI,Tumor,4.443
TCGA-A8-A09T,Tumor,5.7851
TCGA-D8-A27T,Tumor,5.3165
TCGA-C8-A278,Tumor,5.465
TCGA-A8-A09C,Tumor,6.0849
TCGA-GM-A2DK,Tumor,4.7651
TCGA-E9-A22A,Tumor,5.6639
TCGA-AC-A3YJ,Tumor,5.2438
TCGA-AR-A2LO,Tumor,6.2891
TCGA-AC-A23C,Tumor,3.6428
TCGA-D8-A1XM,Tumor,5.3002
TCGA-PE-A5DD,Tumor,5.288
TCGA-WT-AB44,Tumor,4.9621
TCGA-C8-A8HR,Tumor,4.7783
TCGA-A2-A0YG,Tumor,4.2526
TCGA-A8-A09G,Tumor,5.558
TCGA-EW-A6SA,Tumor,6.0991
TCGA-AC-A8OQ,Tumor,3.7815
TCGA-A1-A0SO,Tumor,7.0388
TCGA-E2-A10B,Tumor,5.9227
TCGA-D8-A1XA,Tumor,3.1765
TCGA-AO-A1KQ,Tumor,5.085
TCGA-A8-A0A6,Tumor,4.5988
TCGA-AQ-A04J,Tumor,6.2711
TCGA-BH-A0W4,Tumor,5.5614
TCGA-D8-A1X5,Tumor,5.4845
TCGA-GM-A3XG,Tumor,5.3685
TCGA-A2-A4RW,Tumor,5.4483
TCGA-D8-A1XV,Tumor,4.9313
TCGA-D8-A13Y,Tumor,3.8954
TCGA-AR-A0TU,Tumor,6.8164
TCGA-BH-A0B0,Tumor,5.4152
TCGA-E2-A15P,Tumor,5.7453
TCGA-D8-A1JN,Tumor,4.6253
TCGA-AC-A2FG,Tumor,5.76
TCGA-A2-A0ET,Tumor,6.2847
TCGA-E2-A15R,Tumor,5.1482
TCGA-A2-A3KD,Tumor,4.865
TCGA-AC-A6NO,Tumor,6.1971
TCGA-A8-A08J,Tumor,4.8929
TCGA-A2-A0CO,Tumor,4.8022
TCGA-AN-A0FZ,Tumor,5.0148
TCGA-A2-A0YD,Tumor,6.0715
TCGA-EW-A1J2,Tumor,5.3779
TCGA-C8-A12N,Tumor,6.0459
TCGA-A2-A25F,Tumor,5.151
TCGA-A8-A0A1,Tumor,5.5675
TCGA-D8-A27E,Tumor,5.1065
TCGA-EW-A1IZ,Tumor,5.3438
TCGA-B6-A0IB,Tumor,5.5097
TCGA-A8-A08Z,Tumor,5.8235
TCGA-AC-A3QQ,Tumor,3.5060206348
TCGA-E2-A15T,Tumor,4.7645
TCGA-AR-A0TV,Tumor,5.168
TCGA-E2-A154,Tumor,6.3009
TCGA-GM-A4E0,Tumor,4.6018
TCGA-AO-A124,Tumor,2.8622
TCGA-S3-A6ZF,Tumor,4.9237
TCGA-A8-A09D,Tumor,6.097
TCGA-AN-A0XO,Tumor,4.9165
TCGA-A2-A4S3,Tumor,5.3342
TCGA-A2-A0D1,Tumor,3.417
TCGA-AO-A0J3,Tumor,5.1871
TCGA-A2-A0ST,Tumor,5.9191
TCGA-E9-A1RE,Tumor,5.5653
TCGA-A2-A25A,Tumor,5.6597
TCGA-C8-A1HK,Tumor,3.1458
TCGA-AR-A0TR,Tumor,4.7544
TCGA-AC-A2B8,Tumor,5.853
TCGA-E2-A1LG,Tumor,5.9194
TCGA-A7-A6VW,Tumor,5.7055
TCGA-AC-A3W7,Tumor,5.3481
TCGA-E2-A1LK,Tumor,3.0056
TCGA-B6-A0RT,Tumor,6.3539
TCGA-BH-A0HB,Tumor,4.7104
TCGA-C8-A3M7,Tumor,4.927
TCGA-D8-A1Y3,Tumor,2.5487
TCGA-A8-A07C,Tumor,2.9432
TCGA-A8-A06U,Tumor,3.0252
TCGA-D8-A73W,Tumor,4.5868
TCGA-E9-A245,Tumor,4.9041
TCGA-B6-A0X0,Tumor,6.7442
TCGA-A8-A06Q,Tumor,5.4835
TCGA-E9-A1R0,Tumor,5.033
TCGA-B6-A0RO,Tumor,5.5552
TCGA-AN-A0XP,Tumor,5.0734
TCGA-EW-A6S9,Tumor,4.8069
TCGA-AQ-A54O,Tumor,5.3551
TCGA-BH-A0WA,Tumor,6.601
TCGA-BH-AB28,Tumor,6.2167
TCGA-A8-A09N,Tumor,6.1869
TCGA-E2-A15A,Tumor,5.1635
TCGA-E9-A2JT,Tumor,5.527
TCGA-BH-A0HQ,Tumor,6.2192
TCGA-E2-A3DX,Tumor,5.0436
TCGA-E2-A1L6,Tumor,5.696
TCGA-B6-A0I2,Tumor,2.8402
TCGA-D8-A73X,Tumor,5.6088
TCGA-A8-A084,Tumor,3.2647
TCGA-A7-A2KD,Tumor,3.6254
TCGA-AR-A252,Tumor,5.2032
TCGA-AR-A24L,Tumor,5.1803
TCGA-AN-A0XR,Tumor,5.6597
TCGA-B6-A0WY,Tumor,6.1398
TCGA-EW-A423,Tumor,4.8319
TCGA-C8-A12X,Tumor,4.6611
TCGA-E9-A5UO,Tumor,3.9992
TCGA-A8-A09I,Tumor,5.5778
TCGA-E9-A22D,Tumor,4.8763
TCGA-E2-A1LE,Tumor,5.7996
TCGA-E2-A15F,Tumor,6.4055
TCGA-D8-A27L,Tumor,6.3308
TCGA-C8-A12O,Tumor,5.2365
TCGA-D8-A1XG,Tumor,5.3893
TCGA-C8-A8HQ,Tumor,5.641
TCGA-A8-A083,Tumor,5.7929
TCGA-AC-A3TN,Tumor,4.3017
TCGA-B6-A0IC,Tumor,6.1805
TCGA-A2-A0CW,Tumor,3.0163
TCGA-A8-A092,Tumor,6.0162
TCGA-D8-A1XS,Tumor,5.0365
TCGA-AO-A12B,Tumor,4.9594
TCGA-AC-A3EH,Tumor,5.366
TCGA-A7-A26F,Tumor,4.8138935787
TCGA-BH-A0B2,Tumor,5.3886
TCGA-AO-A12F,Tumor,4.9746
TCGA-EW-A1P6,Tumor,5.7869
TCGA-GM-A2DF,Tumor,2.8916
TCGA-A8-A09Q,Tumor,3.7237
TCGA-C8-A12W,Tumor,6.0747
TCGA-A2-A0YJ,Tumor,4.1425
TCGA-D8-A1XD,Tumor,5.9253
TCGA-AQ-A1H2,Tumor,4.5748
TCGA-AR-A24O,Tumor,5.3671
TCGA-A8-A0AD,Tumor,4.8233
TCGA-A7-A3J1,Tumor,5.9572
TCGA-A2-A0EQ,Tumor,5.7326
TCGA-B6-A402,Tumor,2.945
TCGA-LD-A7W6,Tumor,5.61
TCGA-A8-A08B,Tumor,2.4279
TCGA-D8-A1XK,Tumor,6.556
TCGA-3C-AAAU,Tumor,5.445
TCGA-AO-A03U,Tumor,4.9878
TCGA-OL-A66H,Tumor,5.5614
TCGA-AR-A1AJ,Tumor,6.7614
TCGA-E9-A5UP,Tumor,4.7698
TCGA-AC-A8OS,Tumor,4.5002
TCGA-LL-A7SZ,Tumor,3.6872
TCGA-AN-A0G0,Tumor,3.5863
TCGA-E2-A14Q,Tumor,5.5352
TCGA-A2-A1FZ,Tumor,5.9957
TCGA-OL-A5D6,Tumor,5.0304
TCGA-BH-A0B9,Tumor,6.4094
TCGA-AR-A1AQ,Tumor,4.0918
TCGA-E9-A226,Tumor,4.1547
TCGA-A2-A4S1,Tumor,4.7872
TCGA-E2-A1B0,Tumor,6.3925
TCGA-C8-A26W,Tumor,5.5361
TCGA-D8-A1JH,Tumor,5.9791
TCGA-AO-A12D,Tumor,3.242
TCGA-E9-A3Q9,Tumor,4.1563
TCGA-AN-A0AL,Tumor,5.682
TCGA-B6-A0WW,Tumor,5.5242
TCGA-OL-A5RZ,Tumor,4.857
TCGA-D8-A1JL,Tumor,6.3707
TCGA-AR-A1AV,Tumor,6.0594
TCGA-D8-A1JC,Tumor,4.8719
TCGA-EW-A1OW,Tumor,3.8925
TCGA-B6-A2IU,Tumor,5.0888
TCGA-C8-A137,Tumor,5.6508
TCGA-C8-A1HN,Tumor,5.7455
TCGA-E2-A1L8,Tumor,5.4935
TCGA-A7-A26J,Tumor,4.9941471716
TCGA-BH-A0E7,Tumor,5.2869
TCGA-D8-A73U,Tumor,4.8028
TCGA-D8-A27N,Tumor,4.7986
TCGA-LL-A8F5,Tumor,4.9787
TCGA-C8-A8HP,Tumor,2.9148
TCGA-BH-A6R8,Tumor,5.1958
TCGA-BH-A202,Tumor,2.9637
TCGA-OL-A5RY,Tumor,5.0295
TCGA-OL-A66I,Tumor,4.4437
TCGA-C8-A12V,Tumor,6.0665
TCGA-A7-A26E,Tumor,4.2381143344
TCGA-AO-A03N,Tumor,5.4397
TCGA-BH-A42T,Tumor,5.3093
TCGA-BH-A0HO,Tumor,5.2277
TCGA-A8-A09X,Tumor,5.3985
TCGA-AR-A254,Tumor,3.8064
TCGA-BH-A0HL,Tumor,5.0018
TCGA-AC-A3HN,Tumor,5.5008
TCGA-AC-A6IW,Tumor,6.733
TCGA-EW-A1J5,Tumor,4.9468
TCGA-OL-A6VO,Tumor,7.2213
TCGA-AC-A23E,Tumor,5.4871
TCGA-EW-A1J1,Tumor,4.97
TCGA-A8-A09W,Tumor,6.4145
TCGA-B6-A0IM,Tumor,5.3775
TCGA-EW-A1PD,Tumor,5.5847
TCGA-D8-A1J8,Tumor,5.9432
TCGA-B6-A0RV,Tumor,5.6548
TCGA-AR-A24N,Tumor,5.0242
TCGA-AQ-A1H3,Tumor,5.3067
TCGA-C8-A131,Tumor,5.9853
TCGA-AR-A2LQ,Tumor,5.07
TCGA-A2-A0EP,Tumor,5.0113
TCGA-BH-A0H3,Tumor,6.1332
TCGA-B6-A40C,Tumor,5.8392
TCGA-E2-A1IF,Tumor,5.822
TCGA-AO-A0JE,Tumor,5.4667
TCGA-S3-AA11,Tumor,6.0312
TCGA-D8-A27I,Tumor,5.9812
TCGA-AC-A3W6,Tumor,5.3537
TCGA-AR-A0TX,Tumor,5.3042
TCGA-AO-A0JG,Tumor,5.4806
TCGA-A8-A07L,Tumor,6.4155
TCGA-A2-A0SV,Tumor,5.7326
TCGA-XX-A899,Tumor,5.5308
TCGA-A7-A5ZW,Tumor,5.5753
TCGA-E9-A1NE,Tumor,4.9251
TCGA-BH-A0BR,Tumor,5.4941
TCGA-Z7-A8R6,Tumor,5.3223
TCGA-OL-A5D8,Tumor,5.0215
TCGA-B6-A0IJ,Tumor,6.3509
TCGA-OL-A5D7,Tumor,6.8975
TCGA-A2-A1FW,Tumor,6.0693
TCGA-A7-A13H,Tumor,5.4728
TCGA-A2-A0EO,Tumor,5.489
TCGA-BH-A0BF,Tumor,5.6358
TCGA-AR-A5QN,Tumor,4.6399
TCGA-AQ-A54N,Tumor,3.5766
TCGA-A2-A04V,Tumor,5.1048
TCGA-E2-A14T,Tumor,5.23
TCGA-E9-A295,Tumor,5.0423
TCGA-EW-A1P4,Tumor,6.8569
TCGA-A2-A0T4,Tumor,5.1433
TCGA-BH-A0W3,Tumor,5.682
TCGA-BH-A42U,Tumor,5.359
TCGA-A8-A08G,Tumor,4.7005
TCGA-EW-A1IX,Tumor,5.6194
TCGA-GM-A5PV,Tumor,5.441
TCGA-B6-A401,Tumor,5.9901
TCGA-C8-A1HG,Tumor,5.0892
TCGA-E2-A10E,Tumor,6.2153
TCGA-A7-A0CG,Tumor,5.0884
TCGA-A2-A0CS,Tumor,6.1404
TCGA-A1-A0SG,Tumor,5.5711
TCGA-E2-A1BD,Tumor,5.8342
TCGA-E2-A14Z,Tumor,5.658
TCGA-A2-A04R,Tumor,4.6697
TCGA-A7-A425,Tumor,5.2917
TCGA-B6-A408,Tumor,4.8525
TCGA-AN-A0AM,Tumor,5.5389
TCGA-D8-A1JU,Tumor,5.0268
TCGA-AR-A1AH,Tumor,3.1145
TCGA-E9-A3QA,Tumor,6.745
TCGA-BH-A0EB,Tumor,5.7013
TCGA-BH-A1EY,Tumor,5.4735
TCGA-E2-A574,Tumor,5.6482
TCGA-D8-A1JB,Tumor,5.3295
TCGA-D8-A27P,Tumor,5.9303
TCGA-E9-A5FL,Tumor,5.438
TCGA-LL-A5YM,Tumor,4.0357
TCGA-XX-A89A,Tumor,5.2672
TCGA-GM-A2DL,Tumor,5.0657
TCGA-AO-A12E,Tumor,5.4416
TCGA-AR-A24S,Tumor,5.8783
TCGA-AO-A12G,Tumor,5.4499
TCGA-W8-A86G,Tumor,4.6023
TCGA-AR-A24W,Tumor,5.6433
TCGA-D8-A1JJ,Tumor,6.4418
TCGA-AO-A03P,Tumor,5.846
TCGA-A8-A079,Tumor,4.7809
TCGA-BH-A0B4,Tumor,4.964
TCGA-AO-A03T,Tumor,3.8002
TCGA-GM-A2DM,Tumor,5.3841
TCGA-A2-A4RX,Tumor,7.2014
TCGA-D8-A27H,Tumor,3.6703
TCGA-E9-A1NC,Tumor,4.6781
TCGA-A2-A3XS,Tumor,3.5337
TCGA-AR-A0TZ,Tumor,5.9206
TCGA-AO-A0J7,Tumor,6.0166
TCGA-D8-A1XY,Tumor,4.9631
TCGA-A2-A0CK,Tumor,5.1123
TCGA-AC-A8OR,Tumor,5.9688
TCGA-A2-A0YH,Tumor,5.745
TCGA-A2-A4S2,Tumor,5.4647
TCGA-AQ-A7U7,Tumor,5.4182
TCGA-E2-A10A,Tumor,6.6614
TCGA-C8-A12P,Tumor,5.686
TCGA-GM-A5PX,Tumor,4.6445
TCGA-D8-A1X9,Tumor,4.8709
TCGA-AR-A1AN,Tumor,4.0748
TCGA-D8-A1Y0,Tumor,5.3122
TCGA-EW-A1PG,Tumor,5.7154
TCGA-AN-A0FN,Tumor,5.5494
TCGA-EW-A1PF,Tumor,5.3562
TCGA-AO-A03L,Tumor,4.4115
TCGA-AN-A0FY,Tumor,6.8309
TCGA-AC-A7VC,Tumor,5.7578
TCGA-E9-A1R3,Tumor,6.1041
TCGA-E2-A1IN,Tumor,6.0453
TCGA-A2-A25E,Tumor,5.4307
TCGA-EW-A1IY,Tumor,5.9136
TCGA-B6-A0X4,Tumor,5.2563
TCGA-D8-A1XQ,Tumor,4.4777
TCGA-A2-A0CL,Tumor,6.0128
TCGA-C8-A27A,Tumor,6.1351
TCGA-E9-A249,Tumor,6.3431
TCGA-A8-A07P,Tumor,4.7247
TCGA-BH-A1F5,Tumor,5.9317
TCGA-A8-A08F,Tumor,4.951
TCGA-AC-A5XU,Tumor,6.6289
TCGA-AN-A0XL,Tumor,4.8334
TCGA-AN-A03X,Tumor,4.7404
TCGA-A8-A08R,Tumor,3.927
TCGA-A2-A0YC,Tumor,4.9714
TCGA-GM-A2DC,Tumor,4.2366
TCGA-A2-A3XT,Tumor,5.9894
TCGA-AN-A04C,Tumor,5.5445
TCGA-A2-A0YT,Tumor,5.865
TCGA-E2-A107,Tumor,6.1871
TCGA-A2-A04W,Tumor,4.848
TCGA-LD-A74U,Tumor,5.1599
TCGA-B6-A0I5,Tumor,5.5094
TCGA-BH-A0RX,Tumor,4.248
TCGA-GM-A2DO,Tumor,5.1094
TCGA-A2-A0T1,Tumor,5.4286
TCGA-BH-A0EI,Tumor,4.9045
TCGA-E2-A15J,Tumor,6.2134
TCGA-A1-A0SQ,Tumor,3.7888
TCGA-AC-A2QJ,Tumor,2.5011
TCGA-A7-A26H,Tumor,4.6821
TCGA-E2-A1IL,Tumor,5.7679
TCGA-AN-A04D,Tumor,5.6634
TCGA-C8-A27B,Tumor,7.0331
TCGA-AN-A0AS,Tumor,5.2939
TCGA-D8-A4Z1,Tumor,5.6916
TCGA-A8-A06R,Tumor,3.5461
TCGA-AO-A1KP,Tumor,6.586
TCGA-A2-A04N,Tumor,6.0726
TCGA-BH-A8FY,Tumor,4.652
TCGA-A8-A09V,Tumor,6.0607
TCGA-GM-A3NY,Tumor,5.5485
TCGA-BH-A5J0,Tumor,4.851
TCGA-B6-A0I6,Tumor,3.5875
TCGA-AO-A0JI,Tumor,5.51
TCGA-BH-A18I,Tumor,5.9014
TCGA-AO-A0JC,Tumor,5.2223
TCGA-A8-A09Z,Tumor,5.9944
TCGA-GM-A2DH,Tumor,4.6041
TCGA-BH-A1ES,Tumor,5.641
TCGA-PL-A8LY,Tumor,6.1369
TCGA-OL-A5RW,Tumor,2.5536
TCGA-E2-A14R,Tumor,6.0409
TCGA-A8-A09M,Tumor,4.8793
TCGA-A1-A0SN,Tumor,5.8425
TCGA-BH-A18F,Tumor,5.9201
TCGA-AR-A2LM,Tumor,5.3413
TCGA-E2-A10C,Tumor,5.1958
TCGA-AR-A0TW,Tumor,4.756
TCGA-BH-A0W5,Tumor,5.7385
TCGA-AR-A24K,Tumor,3.1393
TCGA-BH-A0HY,Tumor,5.126
TCGA-A2-A0EU,Tumor,6.109
TCGA-D8-A1XW,Tumor,5.5814
TCGA-AN-A0FL,Tumor,1.9073
TCGA-PL-A8LZ,Tumor,6.3519
TCGA-LL-A5YP,Tumor,6.1918
TCGA-AC-A2BK,Tumor,6.4416
TCGA-AC-A7VB,Tumor,5.8846
TCGA-AO-A0J2,Tumor,6.1831
TCGA-BH-A28Q,Tumor,6.1385
TCGA-C8-A12L,Tumor,6.3509
TCGA-3C-AALK,Tumor,5.1073
TCGA-E9-A1QZ,Tumor,5.2238
TCGA-AC-A5EH,Tumor,5.5729
TCGA-GM-A2D9,Tumor,5.3893
TCGA-LD-A66U,Tumor,5.1069
TCGA-AO-A1KO,Tumor,5.6011
TCGA-AR-A0TP,Tumor,5.4489
TCGA-A8-A07I,Tumor,5.2586
TCGA-A2-A0EY,Tumor,5.7714
TCGA-LL-A442,Tumor,4.1563
TCGA-A8-A08I,Tumor,5.4722
TCGA-A8-A091,Tumor,5.1289
TCGA-D8-A1XT,Tumor,6.1849
TCGA-AR-A2LL,Tumor,4.958
TCGA-4H-AAAK,Tumor,5.44
TCGA-3C-AALI,Tumor,3.4464
TCGA-A8-A08P,Tumor,3.5337
TCGA-D8-A1X8,Tumor,5.537
TCGA-S3-A6ZG,Tumor,6.5021
TCGA-AO-A0J5,Tumor,5.6789
TCGA-A2-A0EM,Tumor,5.9317
TCGA-A8-A08T,Tumor,6.3122
TCGA-S3-AA12,Tumor,5.3579
TCGA-HN-A2NL,Tumor,3.3966
TCGA-AO-A12A,Tumor,6.3489
TCGA-A2-A0YM,Tumor,5.7626
TCGA-E2-A9RU,Tumor,4.1946
TCGA-C8-A130,Tumor,3.5682
TCGA-E2-A1B4,Tumor,5.4081
TCGA-LL-A73Z,Tumor,5.0488
TCGA-C8-A1HI,Tumor,5.1891
TCGA-LL-A6FR,Tumor,4.9603
TCGA-PL-A8LV,Tumor,4.8161
TCGA-A8-A07E,Tumor,5.579
TCGA-E9-A247,Tumor,5.854
TCGA-A2-A3XZ,Tumor,5.0032
TCGA-A8-A07F,Tumor,6.6723
TCGA-B6-A0RN,Tumor,6.035
TCGA-LD-A7W5,Tumor,5.7447
TCGA-BH-A0BL,Tumor,6.3367
TCGA-AN-A0XV,Tumor,5.5681
TCGA-A7-A4SB,Tumor,4.3646
TCGA-AN-A0XU,Tumor,5.1343
TCGA-A7-A6VV,Tumor,4.7099
TCGA-E2-A1LI,Tumor,6.6968
TCGA-B6-A0WS,Tumor,5.5647
TCGA-C8-A138,Tumor,3.772
TCGA-A7-A426,Tumor,5.5823
TCGA-A7-A56D,Tumor,3.0393
TCGA-A8-A07B,Tumor,2.7401
TCGA-A8-A086,Tumor,5.4598
TCGA-B6-A0RI,Tumor,5.2739
TCGA-E2-A1B6,Tumor,5.1819
TCGA-OL-A66O,Tumor,4.8495
TCGA-A7-A6VY,Tumor,3.4661
TCGA-GM-A2DA,Tumor,4.7093
TCGA-B6-A0I1,Tumor,5.9535
TCGA-D8-A141,Tumor,6.1225
TCGA-BH-A18T,Tumor,7.005
TCGA-BH-A0BD,Tumor,5.9201
TCGA-OL-A5RU,Tumor,5.0734
TCGA-C8-A12T,Tumor,3.4791
TCGA-A7-A0DA,Tumor,6.0633
TCGA-A2-A25C,Tumor,6.5977
TCGA-E2-A14V,Tumor,5.8625
TCGA-BH-A0HP,Tumor,4.9031
TCGA-B6-A0I8,Tumor,4.6815
TCGA-E9-A1N8,Tumor,3.6894
TCGA-A8-A085,Tumor,5.0215
TCGA-AR-A0U0,Tumor,6.5902
TCGA-C8-A12Y,Tumor,2.9581
TCGA-AC-A2BM,Tumor,4.8012
TCGA-E2-A15G,Tumor,6.0334
TCGA-D8-A146,Tumor,5.2943
TCGA-C8-A12U,Tumor,6.2451
TCGA-B6-A0WT,Tumor,5.8672
TCGA-D8-A27M,Tumor,4.1978
TCGA-A8-A081,Tumor,5.7088
TCGA-AO-A03O,Tumor,5.8773
TCGA-E2-A15L,Tumor,5.9653
TCGA-E2-A15H,Tumor,6.0027
TCGA-A8-A093,Tumor,5.0383
TCGA-AR-A1AO,Tumor,5.1843
TCGA-AC-A23G,Tumor,5.7853
TCGA-AR-A24Z,Tumor,5.3292
TCGA-D8-A145,Tumor,5.5015
TCGA-BH-A42V,Tumor,5.3078
TCGA-D8-A1XB,Tumor,6.1227
TCGA-A2-A0YL,Tumor,5.6963
TCGA-A7-A5ZX,Tumor,4.8385
TCGA-EW-A1P7,Tumor,5.3427
TCGA-AR-A5QQ,Tumor,2.8955
TCGA-S3-AA15,Tumor,3.9599
TCGA-AR-A24M,Tumor,5.5577
TCGA-A2-A0EW,Tumor,5.2906
TCGA-EW-A1J3,Tumor,4.9915
TCGA-EW-A1P3,Tumor,4.5904
TCGA-EW-A424,Tumor,5.9002
TCGA-E2-A2P5,Tumor,6.0121
TCGA-A2-A259,Tumor,6.8975
TCGA-E2-A1B1,Tumor,5.3184
TCGA-A7-A3J0,Tumor,5.881
TCGA-AR-A2LR,Tumor,3.5498
TCGA-A2-A0ES,Tumor,5.1796
TCGA-EW-A1P8,Tumor,6.9646
TCGA-AR-A0U4,Tumor,6.4046
TCGA-A8-A08C,Tumor,6.4469
TCGA-LL-A7T0,Tumor,5.643
TCGA-A7-A13D,Tumor,2.4822110452
TCGA-EW-A1OZ,Tumor,4.3972
TCGA-A2-A1FX,Tumor,6.267
TCGA-E2-A10F,Tumor,5.6209
TCGA-A7-A4SD,Tumor,6.0164
TCGA-E2-A1B5,Tumor,5.2238
TCGA-BH-A0DE,Tumor,4.8334
TCGA-AO-A0JM,Tumor,5.5805
TCGA-E2-A14P,Tumor,5.7968
TCGA-E9-A227,Tumor,5.1144
TCGA-AR-A2LH,Tumor,5.5008
TCGA-A8-A07O,Tumor,3.6006
TCGA-A2-A0D3,Tumor,6.6907
TCGA-AO-A0JA,Tumor,5.7861
TCGA-A2-A4S0,Tumor,5.0383
TCGA-B6-A0IE,Tumor,3.5815
TCGA-OL-A66J,Tumor,5.3558
TCGA-D8-A1JI,Tumor,4.5772
TCGA-OL-A5RX,Tumor,5.6862
TCGA-EW-A1OY,Tumor,2.6715
TCGA-AR-A5QM,Tumor,4.5167
TCGA-A2-A0CQ,Tumor,5.6369
TCGA-D8-A27F,Tumor,3.9012
TCGA-C8-A26Z,Tumor,4.9883
TCGA-E2-A14S,Tumor,4.3031
TCGA-A8-A06O,Tumor,5.0462
TCGA-D8-A1JM,Tumor,5.9796
TCGA-C8-A1HO,Tumor,5.3615
TCGA-E9-A228,Tumor,5.4273
TCGA-E9-A1RA,Tumor,5.8912
TCGA-V7-A7HQ,Tumor,4.9374
TCGA-OL-A6VR,Tumor,5.7369
TCGA-AR-A1AW,Tumor,5.7252
TCGA-AR-A1AY,Tumor,3.5875
TCGA-BH-A0H6,Tumor,5.738
TCGA-EW-A1OV,Tumor,5.1643
TCGA-A2-A04U,Tumor,2.3479
TCGA-D8-A1JF,Tumor,5.5999
TCGA-OL-A6VQ,Tumor,5.432
TCGA-C8-A273,Tumor,5.6189
TCGA-C8-A132,Tumor,5.4091
TCGA-BH-A0EE,Tumor,2.5487
TCGA-B6-A0RQ,Tumor,5.6439
TCGA-D8-A27W,Tumor,5.0072
TCGA-AR-A2LJ,Tumor,4.8053
TCGA-A8-A075,Tumor,3.4958
TCGA-A1-A0SD,Tumor,5.2806
TCGA-A2-A3Y0,Tumor,3.9356
TCGA-EW-A6SD,Tumor,6.1206
TCGA-E2-A14W,Tumor,5.2799
TCGA-LQ-A4E4,Tumor,5.6303
TCGA-AR-A256,Tumor,3.7017
TCGA-A2-A0T3,Tumor,3.7453
TCGA-BH-A0HN,Tumor,4.9519
TCGA-A7-A26G,Tumor,5.9706
TCGA-AN-A0FV,Tumor,5.8729
TCGA-A7-A0CD,Tumor,5.0536
TCGA-AR-A1AU,Tumor,5.0743
TCGA-AR-A24X,Tumor,6.5305
TCGA-B6-A0IO,Tumor,5.5305
TCGA-E2-A1IE,Tumor,5.3223
TCGA-AN-A0AJ,Tumor,3.6113
TCGA-AO-A128,Tumor,4.6702
TCGA-AR-A24T,Tumor,5.5976
TCGA-A2-A0CT,Tumor,4.6905
TCGA-D8-A1J9,Tumor,5.2258
TCGA-E2-A150,Tumor,3.4517
TCGA-AR-A251,Tumor,7.2935
TCGA-BH-A0B1,Tumor,4.9533
TCGA-D8-A1JE,Tumor,5.4145
TCGA-A2-A0CP,Tumor,5.7613
TCGA-C8-A274,Tumor,5.769
TCGA-BH-A5IZ,Tumor,5.8568
TCGA-A8-A076,Tumor,5.4199
TCGA-B6-A40B,Tumor,5.898
TCGA-AR-A0U2,Tumor,6.2987
TCGA-B6-A0IH,Tumor,5.4938
TCGA-D8-A27K,Tumor,6.1094
TCGA-E9-A5FK,Tumor,5.0943
TCGA-EW-A1PB,Tumor,5.7908
TCGA-BH-A0E9,Tumor,5.4903
TCGA-A1-A0SE,Tumor,5.2698
TCGA-E9-A1NH,Tumor,6.0104
TCGA-EW-A2FW,Tumor,5.6792
TCGA-AO-A0JD,Tumor,5.4499
TCGA-A7-A3IY,Tumor,4.506
TCGA-AO-A0J8,Tumor,6.0687
TCGA-A7-A3IZ,Tumor,5.0532
TCGA-A2-A1G0,Tumor,5.1355
TCGA-D8-A1XZ,Tumor,3.5947
TCGA-AR-A0TY,Tumor,6.0168
TCGA-A2-A0SW,Tumor,4.6451
TCGA-OL-A5DA,Tumor,4.8954
TCGA-A7-A5ZV,Tumor,2.3308
TCGA-LL-A50Y,Tumor,4.8161
TCGA-BH-A0BP,Tumor,4.844
TCGA-AR-A1AK,Tumor,5.6955
TCGA-E9-A22G,Tumor,3.0323
TCGA-AC-A2QH,Tumor,5.3446522903
TCGA-LL-A441,Tumor,6.3782
TCGA-A8-A0A2,Tumor,4.5286
TCGA-E2-A576,Tumor,4.2366
TCGA-B6-A1KC,Tumor,5.168
TCGA-OL-A66N,Tumor,4.7512
TCGA-A2-A1FV,Tumor,4.402
TCGA-C8-A1HM,Tumor,6.5956
TCGA-D8-A1JT,Tumor,4.2818
TCGA-A2-A04P,Tumor,2.7205
TCGA-BH-A0GY,Tumor,5.9748
TCGA-E2-A56Z,Tumor,5.0488
TCGA-A2-A0CX,Tumor,5.3442
TCGA-A8-A07S,Tumor,5.8684
TCGA-A1-A0SM,Tumor,4.8064
TCGA-AQ-A04H,Tumor,5.7682
TCGA-LL-A6FP,Tumor,5.0972
TCGA-A2-A0T5,Tumor,6.2655
TCGA-A7-A4SF,Tumor,5.7594
TCGA-A2-A25B,Tumor,5.6871
TCGA-E2-A1IO,Tumor,4.6112
TCGA-A2-A3XW,Tumor,5.2204
TCGA-A1-A0SI,Tumor,5.7785
TCGA-B6-A0RP,Tumor,5.8548
TCGA-AQ-A04L,Tumor,4.4457
TCGA-E2-A14N,Tumor,3.2526
TCGA-AN-A049,Tumor,5.7522
TCGA-A1-A0SB,Tumor,6.8155
TCGA-BH-A0GZ,Tumor,5.9227
TCGA-AC-A2QI,Tumor,5.2161
TCGA-5L-AAT1,Tumor,5.5463
TCGA-A8-A06N,Tumor,4.6071
TCGA-BH-A8G0,Tumor,5.36
TCGA-A2-A0T6,Tumor,5.5574
TCGA-AN-A0FF,Tumor,5.6781
TCGA-LL-A5YL,Tumor,5.0803
TCGA-C8-A26X,Tumor,4.5687
TCGA-AN-A0FD,Tumor,4.0019
TCGA-AN-A0AK,Tumor,6.6851
TCGA-D8-A1JS,Tumor,5.3657
TCGA-AO-A1KS,Tumor,3.0199
TCGA-AR-A24U,Tumor,3.9194
TCGA-AR-A1AX,Tumor,5.5913
TCGA-AC-A62Y,Tumor,4.435
TCGA-D8-A1JD,Tumor,4.9942
TCGA-S3-AA0Z,Tumor,7.2524
TCGA-E9-A1N3,Tumor,5.0747
TCGA-A2-A0T2,Tumor,5.322
TCGA-LL-A9Q3,Tumor,4.1595
TCGA-D8-A27R,Tumor,4.9117
TCGA-AO-A0J9,Tumor,5.3965
TCGA-E2-A1AZ,Tumor,6.391
TCGA-AN-A0FK,Tumor,6.5062
TCGA-A2-A0YI,Tumor,5.542
TCGA-D8-A1XO,Tumor,5.8273
TCGA-D8-A27G,Tumor,4.7608
TCGA-AR-A0TT,Tumor,6.1231
TCGA-A8-A0A4,Tumor,5.0095
TCGA-D8-A1X7,Tumor,5.1169
TCGA-AC-A3OD,Tumor,2.3445410238
TCGA-E2-A1LA,Tumor,4.8002
TCGA-A8-A095,Tumor,6.4436
TCGA-D8-A143,Tumor,3.5124
TCGA-A2-A0YE,Tumor,2.6043
TCGA-A2-A0D2,Tumor,4.1053
TCGA-AC-A3YI,Tumor,5.4627
TCGA-A8-A07Z,Tumor,5.4948
TCGA-AN-A0FT,Tumor,5.4774
TCGA-A2-A0YF,Tumor,5.9479
TCGA-BH-A0DS,Tumor,4.6966
TCGA-E9-A1R5,Tumor,5.6702
TCGA-E9-A243,Tumor,4.7934
TCGA-A2-A25D,Tumor,4.3541
TCGA-E2-A159,Tumor,5.6491
TCGA-A8-A0A7,Tumor,4.6236
TCGA-B6-A0X5,Tumor,6.1733
TCGA-B6-A0RE,Tumor,4.391
TCGA-A2-A0CY,Tumor,5.1194
TCGA-JL-A3YX,Tumor,6.3882
TCGA-AC-A3QP,Tumor,4.9663
TCGA-EW-A1PH,Tumor,4.1652
TCGA-E9-A22H,Tumor,6.0717
TCGA-D8-A3Z6,Tumor,5.6812
TCGA-E2-A155,Tumor,4.9851
TCGA-B6-A0X1,Tumor,2.9128
TCGA-PE-A5DE,Tumor,5.093
TCGA-A8-A07U,Tumor,4.2631
TCGA-A1-A0SP,Tumor,3.1781
TCGA-S3-A6ZH,Tumor,4.9089
TCGA-A2-A3XU,Tumor,6.0317
TCGA-A1-A0SH,Tumor,5.0579
TCGA-BH-A0AV,Tumor,6.7736
TCGA-A2-A0D0,Tumor,2.6962
TCGA-A8-A08S,Tumor,5.5454
TCGA-EW-A2FR,Tumor,5.7745
TCGA-C8-A133,Tumor,4.843
TCGA-A2-A3XY,Tumor,4.1368
TCGA-EW-A3E8,Tumor,4.7976
TCGA-A2-A0SU,Tumor,5.1879
TCGA-C8-A1HE,Tumor,5.5979
TCGA-B6-A0RM,Tumor,6.4023
TCGA-AQ-A0Y5,Tumor,4.8495
TCGA-5L-AAT0,Tumor,5.2392
TCGA-AR-A1AI,Tumor,6.1835
TCGA-D8-A3Z5,Tumor,5.4226
TCGA-GM-A2DN,Tumor,4.89
TCGA-B6-A1KI,Tumor,5.5078
TCGA-BH-A0BO,Tumor,5.3989
TCGA-E2-A152,Tumor,5.3064
TCGA-A8-A06T,Tumor,5.5832
TCGA-AC-A2FE,Tumor,6.0732
TCGA-LL-A6FQ,Tumor,4.2781
TCGA-E9-A248,Tumor,3.5923
TCGA-A7-A26I,Tumor,4.5305305595
TCGA-C8-A12Q,Tumor,5.625
TCGA-BH-A0HU,Tumor,5.5227
TCGA-AR-A24V,Tumor,5.1293
TCGA-B6-A0WX,Tumor,7.2471
TCGA-D8-A1Y2,Tumor,4.7651
TCGA-AN-A0AR,Tumor,2.6895
TCGA-A8-A06P,Tumor,6.0242
TCGA-AC-A62X,Tumor,5.9828
TCGA-AC-A2FO,Tumor,5.2865
TCGA-B6-A3ZX,Tumor,6.1418
TCGA-D8-A142,Tumor,6.0579
TCGA-LD-A9QF,Tumor,4.8238
TCGA-BH-A0DX,Tumor,5.5097
TCGA-B6-A0RU,Tumor,4.2001
TCGA-EW-A1J6,Tumor,4.7934
TCGA-E9-A22B,Tumor,5.3848
TCGA-E2-A106,Tumor,4.9964
TCGA-A1-A0SF,Tumor,5.3345
TCGA-OL-A5RV,Tumor,5.854
TCGA-BH-A0W7,Tumor,5.5913
TCGA-E2-A15C,Tumor,5.8179
TCGA-AR-A0U3,Tumor,3.4197
TCGA-BH-A0HW,Tumor,5.1123
TCGA-GM-A3NW,Tumor,4.7986
TCGA-D8-A1XU,Tumor,5.1712
TCGA-PL-A8LX,Tumor,6.0179
TCGA-B6-A0IN,Tumor,4.0506
TCGA-A2-A3KC,Tumor,6.1924
TCGA-BH-A0HX,Tumor,5.7493
TCGA-A8-A097,Tumor,4.3421
TCGA-E9-A22E,Tumor,5.1144
TCGA-B6-A0IP,Tumor,6.2935
TCGA-A2-A04X,Tumor,5.0674
TCGA-E2-A1IU,Tumor,5.23
TCGA-AC-A3BB,Tumor,5.4555
TCGA-A8-A094,Tumor,3.0463
TCGA-C8-A12Z,Tumor,5.8199
TCGA-D8-A1XF,Tumor,5.1465
TCGA-A8-A082,Tumor,5.5069
TCGA-AR-A1AL,Tumor,5.7315
TCGA-3C-AALJ,Tumor,4.9463
TCGA-LL-A440,Tumor,5.2146
TCGA-AR-A2LK,Tumor,6.0932
TCGA-A8-A07G,Tumor,4.0392
TCGA-AO-A12H,Tumor,5.3937
TCGA-BH-A0DI,Tumor,5.0018
TCGA-A2-A0EX,Tumor,5.0704
TCGA-D8-A1XR,Tumor,6.1363
TCGA-AR-A0TQ,Tumor,6.2748
TCGA-E2-A15O,Tumor,7.2651
TCGA-AO-A12C,Tumor,5.336
TCGA-OL-A97C,Tumor,5.1879
TCGA-BH-A18G,Tumor,5.7926
TCGA-B6-A0IA,Tumor,4.7044
TCGA-A8-A090,Tumor,4.6548
TCGA-5T-A9QA,Tumor,6.0564
TCGA-AN-A0XT,Tumor,5.9846
TCGA-AO-A0J4,Tumor,6.3351
TCGA-A2-A0YK,Tumor,5.6448
TCGA-A8-A09K,Tumor,5.2169
TCGA-E2-A153,Normal,5.8089
TCGA-BH-A0BQ,Normal,6.1877
TCGA-BH-A204,Normal,4.0926
TCGA-E9-A1RF,Normal,3.9147
TCGA-A7-A13F,Normal,4.9677
TCGA-AC-A23H,Normal,5.1958
TCGA-BH-A0HA,Normal,6.0557
TCGA-A7-A0CE,Normal,5.2036
TCGA-BH-A0HK,Normal,5.4101
TCGA-BH-A0B7,Normal,6.1936
TCGA-E2-A158,Normal,4.4745
TCGA-BH-A0DV,Normal,5.4912
TCGA-BH-A1ET,Normal,5.36
TCGA-E9-A1ND,Normal,5.014
TCGA-BH-A18M,Normal,5.443
TCGA-BH-A1EO,Normal,4.4803
TCGA-AC-A2FB,Normal,5.225
TCGA-E9-A1RH,Normal,3.8095
TCGA-BH-A0DP,Normal,5.1922
TCGA-BH-A0H9,Normal,4.0436
TCGA-BH-A0C3,Normal,5.7648
TCGA-BH-A1FU,Normal,5.9026
TCGA-E9-A1N4,Normal,5.9454
TCGA-BH-A18S,Normal,5.2099
TCGA-GI-A2C9,Normal,5.3266
TCGA-E2-A1L7,Normal,5.81
TCGA-E9-A1NA,Normal,5.4575
TCGA-BH-A0E0,Normal,5.3636
TCGA-E9-A1R7,Normal,4.2951
TCGA-BH-A1FD,Normal,4.9612
TCGA-BH-A0DD,Normal,4.018
TCGA-BH-A208,Normal,5.5135
TCGA-BH-A0BA,Normal,5.5217
TCGA-E9-A1N6,Normal,5.6899
TCGA-BH-A1F6,Normal,5.0939
TCGA-A7-A0DB,Normal,4.4842
TCGA-BH-A1F2,Normal,4.7507
TCGA-E2-A15I,Normal,3.9929
TCGA-A7-A13E,Normal,4.7312
TCGA-E2-A1LS,Normal,3.5362
TCGA-BH-A0BW,Normal,5.9244
TCGA-BH-A1EW,Normal,5.6332
TCGA-BH-A0DH,Normal,4.5534
TCGA-E9-A1RD,Normal,4.3456
TCGA-BH-A0B5,Normal,3.6172
TCGA-BH-A18N,Normal,5.178
TCGA-BH-A209,Normal,5.6829
TCGA-E2-A1LB,Normal,6.1363
TCGA-AC-A2FM,Normal,5.2013
TCGA-E9-A1NF,Normal,4.6171
TCGA-BH-A0AZ,Normal,5.6568
TCGA-E2-A1BC,Normal,3.6669
TCGA-BH-A0BZ,Normal,4.8475
TCGA-E2-A1LH,Normal,5.8382
TCGA-BH-A18P,Normal,4.4047
TCGA-BH-A0B3,Normal,5.3796
TCGA-E9-A1N9,Normal,5.2873
TCGA-BH-A0BM,Normal,5.7777
TCGA-BH-A0E1,Normal,5.5699
TCGA-BH-A0BJ,Normal,6.0345
TCGA-A7-A0CH,Normal,4.9279
TCGA-A7-A0DC,Normal,5.0892
TCGA-BH-A203,Normal,5.2679
TCGA-BH-A18R,Normal,5.1788
TCGA-BH-A1FJ,Normal,5.2506
TCGA-BH-A1FB,Normal,5.5678
TCGA-BH-A0BS,Normal,5.6761
TCGA-BH-A0DO,Normal,5.8689
TCGA-BH-A0DK,Normal,5.6268
TCGA-BH-A1FN,Normal,5.991
TCGA-BH-A1FG,Normal,4.836
TCGA-BH-A1F8,Normal,5.5417
TCGA-BH-A0BV,Normal,5.7466
TCGA-BH-A0AU,Normal,5.8291
TCGA-A7-A13G,Normal,3.8759
TCGA-BH-A0H5,Normal,5.5741
TCGA-BH-A1EV,Normal,5.404
TCGA-BH-A1FH,Normal,5.5772
TCGA-E9-A1RI,Normal,3.8944
TCGA-A7-A0D9,Normal,3.7709
TCGA-BH-A0B8,Normal,3.9709
TCGA-E9-A1NG,Normal,4.7955
TCGA-E9-A1RB,Normal,4.859
TCGA-BH-A18L,Normal,5.2173
TCGA-BH-A1EU,Normal,5.6537
TCGA-BH-A0DZ,Normal,5.8485
TCGA-E9-A1N5,Normal,6.53
TCGA-BH-A0DQ,Normal,5.5119
TCGA-BH-A18U,Normal,5.218
TCGA-E2-A15M,Normal,5.2574
TCGA-BH-A18Q,Normal,5.5274
TCGA-AC-A2FF,Normal,6.2413
TCGA-BH-A1FE,Normal,5.7929
TCGA-BH-A18V,Normal,5.373
TCGA-BH-A0BT,Normal,5.8637
TCGA-BH-A0C0,Normal,5.6764
TCGA-BH-A0DT,Normal,5.9208
TCGA-GI-A2C8,Normal,2.2723
TCGA-BH-A0DL,Normal,5.6747
TCGA-BH-A18J,Normal,5.4598
TCGA-BH-A1FR,Normal,5.0947
TCGA-BH-A0BC,Normal,5.5766
TCGA-BH-A18K,Normal,5.4317
TCGA-E2-A1IG,Normal,5.2434
TCGA-BH-A0DG,Normal,5.8094
TCGA-BH-A1FM,Normal,5.3893
TCGA-BH-A1FC,Normal,5.322
TCGA-BH-A0H7,Normal,5.2146
TCGA-BH-A0AY,Normal,5.0618
TCGA-BH-A1F0,Normal,5.1152
TCGA-BH-A1EN,Normal,4.8074
TCGA-E9-A1RC,Normal,3.837
TCGA-E2-A15K,Normal,4.9828
GTEX-1117F-2826-SM-5GZXL,GTEx,4.2624
GTEX-111YS-1926-SM-5GICC,GTEx,4.4223
GTEX-117XS-1926-SM-5GICO,GTEx,3.4048
GTEX-117YX-1426-SM-5H12H,GTEx,3.6623
GTEX-1192X-2326-SM-5987X,GTEx,4.5098
GTEX-11DXW-0626-SM-5N9ER,GTEx,4.402
GTEX-11DXZ-1926-SM-5GZZL,GTEx,3.5742
GTEX-11EI6-0626-SM-5985T,GTEx,4.435
GTEX-11EM3-1326-SM-5N9C6,GTEx,5.5081
GTEX-11EQ9-1826-SM-5Q5AJ,GTEx,3.8739
GTEX-11GS4-2126-SM-5A5KR,GTEx,4.7464
GTEX-11GSO-1926-SM-5A5K3,GTEx,3.2617
GTEX-11I78-2226-SM-5PNYA,GTEx,3.838
GTEX-11ILO-2226-SM-5A5L1,GTEx,5.2976
GTEX-11NSD-0926-SM-5N9DR,GTEx,4.1327
GTEX-11NV4-2026-SM-5N9DG,GTEx,4.3024
GTEX-11OF3-1926-SM-59889,GTEx,3.7614
GTEX-11ONC-2126-SM-5HL6E,GTEx,3.7656
GTEX-11P7K-0726-SM-5EGKX,GTEx,4.5868
GTEX-11P81-1926-SM-5BC53,GTEx,4.6742
GTEX-11P82-1326-SM-5HL62,GTEx,4.0824
GTEX-11PRG-0826-SM-5EQ6A,GTEx,4.7296
GTEX-11TT1-2126-SM-5GU5Y,GTEx,4.6882
GTEX-11WQC-1726-SM-5GU4W,GTEx,4.7893
GTEX-11WQK-2426-SM-5GU5C,GTEx,3.6555
GTEX-1211K-1926-SM-5EQLB,GTEx,4.5862
GTEX-1269C-2426-SM-5FQSN,GTEx,4.5754
GTEX-12KS4-0126-SM-5Q5A5,GTEx,3.6113
GTEX-12WSB-0626-SM-59HJO,GTEx,4.3931
GTEX-12WSK-2226-SM-5GCO5,GTEx,3.695
GTEX-12WSM-1726-SM-5BC6J,GTEx,4.0943
GTEX-12WSN-1326-SM-5GCNT,GTEx,4.0216
GTEX-12ZZX-1126-SM-5EGKB,GTEx,4.9649
GTEX-13113-1726-SM-5GCOO,GTEx,4.3002
GTEX-1313W-0826-SM-5EQ4T,GTEx,3.7017
GTEX-131XW-0726-SM-5EGK3,GTEx,5.0
GTEX-131YS-0626-SM-5EGKL,GTEx,5.14
GTEX-132AR-0826-SM-5EGK6,GTEx,3.9663
GTEX-132Q8-1426-SM-5EGK7,GTEx,4.3979
GTEX-133LE-1726-SM-5K7VQ,GTEx,5.0527
GTEX-1399U-1826-SM-5PNZ1,GTEx,4.6479
GTEX-139T6-1626-SM-5PNYZ,GTEx,3.5436
GTEX-139T8-0826-SM-5L3DE,GTEx,4.6894
GTEX-139TU-0626-SM-5KM3X,GTEx,4.3039
GTEX-13CF2-2026-SM-5K7VI,GTEx,4.5374
GTEX-13CF3-2126-SM-5IFJP,GTEx,3.9617
GTEX-13D11-1026-SM-5IJFB,GTEx,4.2721
GTEX-13FHO-0826-SM-5L3E8,GTEx,4.6029
GTEX-13FTX-1126-SM-5N9EN,GTEx,3.6669
GTEX-13FTY-2226-SM-5J1ND,GTEx,4.8934
GTEX-13N11-1726-SM-5J1OJ,GTEx,4.3548
GTEX-13N1W-0626-SM-5MR4U,GTEx,3.6657
GTEX-13NZ9-1026-SM-5MR5K,GTEx,5.0197
GTEX-13NZB-2126-SM-5MR4Y,GTEx,4.3883
GTEX-13O3O-0826-SM-5K7WE,GTEx,5.0679
GTEX-13O3P-0826-SM-5L3DH,GTEx,4.7323
GTEX-13O61-1826-SM-5KM4I,GTEx,4.245
GTEX-13OW8-0226-SM-5K7UP,GTEx,4.2548
GTEX-13PL6-2926-SM-5L3I2,GTEx,4.6787
GTEX-13PVQ-1026-SM-5KM3M,GTEx,3.7486
GTEX-13QIC-2326-SM-5LU5N,GTEx,4.9426
GTEX-13S86-1226-SM-5S2OA,GTEx,4.6101
GTEX-13W3W-1226-SM-5LU4H,GTEx,4.863
GTEX-13W46-0826-SM-5LU3H,GTEx,3.9774
GTEX-144GL-2026-SM-5LU3O,GTEx,4.2593
GTEX-144GM-0926-SM-5O994,GTEx,4.5988
GTEX-145ME-1526-SM-5Q5F2,GTEx,3.2677
GTEX-145MN-1926-SM-5SIAI,GTEx,3.9636
GTEX-145MO-0826-SM-5NQBL,GTEx,3.8239
GTEX-146FH-0826-SM-5SI8T,GTEx,4.5826
GTEX-14753-2426-SM-5LU8U,GTEx,3.2174
GTEX-147F4-2826-SM-5NQBN,GTEx,4.1923
GTEX-14ABY-2126-SM-5QGQZ,GTEx,3.6646
GTEX-14AS3-1626-SM-5S2OY,GTEx,4.5104
GTEX-14E6E-1326-SM-5S2NR,GTEx,4.1294
GTEX-Q2AG-0326-SM-48U1O,GTEx,5.0215
GTEX-QDT8-0626-SM-48TYW,GTEx,5.1997
GTEX-QEG5-0726-SM-4R1JQ,GTEx,5.1437
GTEX-QEL4-2126-SM-447AE,GTEx,4.686
GTEX-QMRM-1626-SM-4R1KV,GTEx,3.8944
GTEX-QVJO-1826-SM-447C9,GTEx,3.5047
GTEX-R53T-1526-SM-48FEK,GTEx,4.1636
GTEX-R55D-0826-SM-48FEA,GTEx,3.7646
GTEX-R55F-1726-SM-2TF4R,GTEx,5.0063
GTEX-REY6-2426-SM-48FF5,GTEx,4.528
GTEX-RU1J-0626-SM-4WAWY,GTEx,4.9426
GTEX-RU72-0626-SM-46MUI,GTEx,4.7528
GTEX-S32W-2026-SM-4AD6E,GTEx,4.2751
GTEX-S33H-0326-SM-4AD6N,GTEx,4.3814
GTEX-S341-1526-SM-4AD6K,GTEx,4.6497
GTEX-S4UY-0726-SM-4AD6X,GTEx,4.4615
GTEX-S7SE-0826-SM-4AT4D,GTEx,3.9468
GTEX-SE5C-2126-SM-4BRUJ,GTEx,4.382
GTEX-SIU7-1626-SM-4BRUK,GTEx,5.054
GTEX-T2YK-2226-SM-32QPT,GTEx,4.0454
GTEX-T5JW-2026-SM-4DM63,GTEx,5.2472
GTEX-T6MN-0726-SM-32PML,GTEx,4.741
GTEX-T6MO-0326-SM-32QOK,GTEx,4.4074
GTEX-TML8-1226-SM-32QON,GTEx,4.6224
GTEX-U3ZH-1426-SM-4DXSR,GTEx,5.0683
GTEX-U3ZN-1926-SM-4DXSG,GTEx,4.5874
GTEX-U412-1826-SM-4DXTJ,GTEx,3.992
GTEX-U8XE-0826-SM-4E3J1,GTEx,4.4983
GTEX-UJHI-1426-SM-3DB9C,GTEx,4.9658
GTEX-UPK5-2326-SM-3P5Z8,GTEx,4.6439
GTEX-UTHO-1026-SM-3GAF7,GTEx,3.5523
GTEX-V955-2026-SM-3GAFA,GTEx,3.2647
GTEX-VJWN-0726-SM-3GIJ8,GTEx,4.7661
GTEX-VUSG-2226-SM-4KKZO,GTEx,4.528
GTEX-WI4N-1426-SM-3LK7H,GTEx,4.449
GTEX-WOFL-0826-SM-3MJG1,GTEx,4.8605
GTEX-WRHU-0326-SM-3MJFY,GTEx,4.2427
GTEX-WXYG-2226-SM-4E3IM,GTEx,4.7394
GTEX-WY7C-2726-SM-3NB3P,GTEx,3.3235
GTEX-WYBS-0926-SM-3NM94,GTEx,4.4257
GTEX-WYJK-1326-SM-3NB2T,GTEx,4.3965
GTEX-WYVS-1726-SM-3NMAY,GTEx,4.8992
GTEX-X15G-1626-SM-3NMB3,GTEx,4.4549
GTEX-X261-0626-SM-3NMD9,GTEx,4.3862
GTEX-X4EP-2926-SM-3P5YQ,GTEx,5.0352
GTEX-X4XY-0926-SM-4E3JD,GTEx,4.7746
GTEX-XBED-1626-SM-47JYN,GTEx,4.3133
GTEX-XGQ4-0926-SM-4AT4U,GTEx,3.8501
GTEX-XMD1-0826-SM-4AT52,GTEx,3.6759
GTEX-XMD2-0926-SM-4WWEF,GTEx,3.981
GTEX-XMK1-1126-SM-4IHJ8,GTEx,3.3938
GTEX-XQ3S-1326-SM-4BOPQ,GTEx,3.7313
GTEX-XQ8I-2426-SM-4WAXY,GTEx,3.4517
GTEX-XUJ4-1926-SM-4BOOV,GTEx,4.1228
GTEX-XUW1-2326-SM-4BOO5,GTEx,4.4938
GTEX-XUZC-1626-SM-4BRVP,GTEx,4.7485
GTEX-XV7Q-2326-SM-4BRVZ,GTEx,4.6719
GTEX-XYKS-1326-SM-4BRUN,GTEx,5.0122
GTEX-Y111-2026-SM-4SOJA,GTEx,4.048
GTEX-Y114-2026-SM-4TT7L,GTEx,4.4101
GTEX-Y3I4-1526-SM-4TT7K,GTEx,4.1899
GTEX-Y3IK-2326-SM-4WWDT,GTEx,4.8304
GTEX-Y5LM-1726-SM-4VDSX,GTEx,4.7955
GTEX-Y5V5-2126-SM-4WWFO,GTEx,4.4496
GTEX-Y5V6-2126-SM-4WWFX,GTEx,4.2165
GTEX-Y8LW-1626-SM-5IFHX,GTEx,4.3903
GTEX-Y9LG-1426-SM-5IFJZ,GTEx,3.8621
GTEX-YB5E-1726-SM-5IFJ3,GTEx,3.3148
GTEX-YB5K-1626-SM-5IFIN,GTEx,3.8866
GTEX-YEC3-1026-SM-5IFI5,GTEx,3.831
GTEX-YFC4-1426-SM-5IFJG,GTEx,4.8233
GTEX-YJ8O-2226-SM-5IFHW,GTEx,4.1252
GTEX-ZA64-1526-SM-5CVMD,GTEx,4.2488
GTEX-ZAJG-0626-SM-5HL8X,GTEx,4.9865
GTEX-ZC5H-2626-SM-5J2MG,GTEx,5.391
GTEX-ZDTT-2126-SM-5S2OJ,GTEx,4.2419
GTEX-ZDXO-0126-SM-5S2ND,GTEx,3.6983
GTEX-ZDYS-1126-SM-5K7UB,GTEx,3.652
GTEX-ZEX8-2226-SM-57WC6,GTEx,4.1409
GTEX-ZF29-1926-SM-5S2P1,GTEx,4.5862
GTEX-ZF2S-2026-SM-5E461,GTEx,4.9837
GTEX-ZF3C-2326-SM-5S2MZ,GTEx,4.1277
GTEX-ZLFU-2126-SM-4WWEV,GTEx,4.479
GTEX-ZLV1-1426-SM-4WWES,GTEx,4.6083
GTEX-ZPIC-1126-SM-5BC7F,GTEx,3.9755
GTEX-ZQG8-0726-SM-5P9H9,GTEx,3.2929
GTEX-ZT9W-2026-SM-51MRA,GTEx,3.3773
GTEX-ZTX8-1226-SM-4YCE9,GTEx,4.5015
GTEX-ZU9S-1926-SM-5NQBP,GTEx,4.5717
GTEX-ZUA1-1526-SM-59HLS,GTEx,4.2457
GTEX-ZV6S-1826-SM-5NQ8D,GTEx,4.1327
GTEX-ZV7C-1826-SM-5NQ83,GTEx,4.7115
GTEX-ZVE2-1226-SM-5NQ8R,GTEx,4.8817
GTEX-ZVT2-1826-SM-5NQ8W,GTEx,4.2343
GTEX-ZVT4-1026-SM-57WC4,GTEx,3.9636
GTEX-ZVTK-0326-SM-51MRR,GTEx,4.4693
GTEX-ZVZQ-0826-SM-51MRF,GTEx,4.1368
GTEX-ZWKS-2826-SM-5NQ74,GTEx,3.4958
GTEX-ZXES-0826-SM-5E43C,GTEx,4.8997
GTEX-ZY6K-1626-SM-5GZWV,GTEx,5.0726
GTEX-ZYFC-0826-SM-5E44K,GTEx,4.1417
GTEX-ZYT6-0126-SM-5E45J,GTEx,3.837
GTEX-ZYW4-0826-SM-5GIDG,GTEx,4.166
GTEX-ZYWO-2326-SM-5GZY4,GTEx,3.9774
